1,Andi,2025-04-15 08:00:00
2,Budi,2025-04-15 08:05:00
3,Citra,2025-04-15 08:10:00
1,Dina,2025-04-15 08:15:00
2,Eka,2025-04-15 08:20:00
3,Farhan,2025-04-15 08:25:00
1,Gina,2025-04-15 08:30:00
2,Hakim,2025-04-15 08:35:00
3,Intan,2025-04-15 08:40:00
1,Joko,2025-04-15 08:45:00
2,Kiki,2025-04-15 08:50:00
3,Lala,2025-04-15 08:55:00
1,Miko,2025-04-15 09:00:00
2,Nina,2025-04-15 09:05:00
3,Oki,2025-04-15 09:10:00
1,Putri,2025-04-15 09:15:00
2,Qori,2025-04-15 09:20:00
3,Rafi,2025-04-15 09:25:00
1,Sari,2025-04-15 09:30:00
2,Toni,2025-04-15 09:35:00
